model,alpha,cv_rmse_mean,cv_rmse_std,cv_r2_mean,cv_r2_std
lasso,0.0001,2.8241031194430435,0.10515550242881179,0.9117162400713322,0.008439547187794995
lasso,0.001,2.8241757328926926,0.10520733302370873,0.9117121996485206,0.008432921524832512
lasso,0.01,2.8253104593731155,0.105714704514626,0.9116450091100093,0.008384267193459168
lasso,0.05,2.8292507569410286,0.10436479984399266,0.9114027588284794,0.008273555067257058
lasso,0.1,2.832558219947427,0.10272910490304518,0.9112121442310754,0.00807470938712265
lasso,0.5,2.8909014037558753,0.10715106392114979,0.9075799809986959,0.007821850666048619
lasso,1.0,3.0551262894646762,0.11582697985720584,0.8968692519494279,0.007816728803520741
