feature,coefficient,absolute_coefficient
income_composition_of_resources,4.634342096472962,4.634342096472962
adult_mortality,-4.318588627199224,4.318588627199224
hiv_aids,-1.5637738383476398,1.5637738383476398
schooling,-0.5412742367586736,0.5412742367586736
gdp,-0.4227263531535631,0.4227263531535631
bmi,0.39649655663144356,0.39649655663144356
status_Developing,0.17586325607246203,0.17586325607246203
