model,alpha,cv_rmse_mean,cv_rmse_std,cv_r2_mean,cv_r2_std
ridge,0.001,2.8240963082839556,0.1051500680550264,0.9117166106025513,0.008440288716929516
ridge,0.01,2.8240966322277212,0.10515087144862063,0.9117165971315555,0.008440181267910676
ridge,0.1,2.8241001809703707,0.10515892257064581,0.9117164429440308,0.008439111102446065
ridge,1.0,2.8241655179098752,0.10524104632361214,0.911713021345028,0.008428827722247066
ridge,10.0,2.82697174415093,0.10614942429204412,0.9115431236691375,0.008357100415017076
ridge,100.0,2.8842436076407556,0.11353182483110166,0.907951563789491,0.008344592716323663
